Time,EAST PERIMETER:CHICAGO_IL_USA HEATING 99% CONDITIONS:Des Heat Load [W],EAST PERIMETER:CHICAGO_IL_USA COOLING 1% CONDITIONS DB=>MWB:Des Sens Cool Load [W],EAST PERIMETER:CHICAGO_IL_USA HEATING 99% CONDITIONS:Des Heat Mass Flow [kg/s],EAST PERIMETER:CHICAGO_IL_USA COOLING 1% CONDITIONS DB=>MWB:Des Cool Mass Flow [kg/s],EAST PERIMETER::Des Latent Heat Load [W],EAST PERIMETER::Des Latent Cool Load [W],EAST PERIMETER::Des Latent Heat Mass Flow [kg/s],EAST PERIMETER::Des Latent Cool Mass Flow [kg/s],EAST PERIMETER::Des Heat Load No DOAS [W],EAST PERIMETER::Des Sens Cool Load No DOAS [W],EAST PERIMETER::Des Latent Heat Load No DOAS [W],EAST PERIMETER::Des Latent Cool Load No DOAS [W],EAST PERIMETER:CHICAGO_IL_USA HEATING 99% CONDITIONS:Heating Zone Temperature [C],EAST PERIMETER:CHICAGO_IL_USA HEATING 99% CONDITIONS:Heating Zone Relative Humidity [%],EAST PERIMETER:CHICAGO_IL_USA COOLING 1% CONDITIONS DB=>MWB:Cooling Zone Temperature [C],EAST PERIMETER:CHICAGO_IL_USA COOLING 1% CONDITIONS DB=>MWB:Cooling Zone Relative Humidity [%],NORTH PERIMETER:CHICAGO_IL_USA HEATING 99% CONDITIONS:Des Heat Load [W],NORTH PERIMETER:CHICAGO_IL_USA COOLING 1% CONDITIONS DB=>MWB:Des Sens Cool Load [W],NORTH PERIMETER:CHICAGO_IL_USA HEATING 99% CONDITIONS:Des Heat Mass Flow [kg/s],NORTH PERIMETER:CHICAGO_IL_USA COOLING 1% CONDITIONS DB=>MWB:Des Cool Mass Flow [kg/s],NORTH PERIMETER::Des Latent Heat Load [W],NORTH PERIMETER::Des Latent Cool Load [W],NORTH PERIMETER::Des Latent Heat Mass Flow [kg/s],NORTH PERIMETER::Des Latent Cool Mass Flow [kg/s],NORTH PERIMETER::Des Heat Load No DOAS [W],NORTH PERIMETER::Des Sens Cool Load No DOAS [W],NORTH PERIMETER::Des Latent Heat Load No DOAS [W],NORTH PERIMETER::Des Latent Cool Load No DOAS [W],NORTH PERIMETER:CHICAGO_IL_USA HEATING 99% CONDITIONS:Heating Zone Temperature [C],NORTH PERIMETER:CHICAGO_IL_USA HEATING 99% CONDITIONS:Heating Zone Relative Humidity [%],NORTH PERIMETER:CHICAGO_IL_USA COOLING 1% CONDITIONS DB=>MWB:Cooling Zone Temperature [C],NORTH PERIMETER:CHICAGO_IL_USA COOLING 1% CONDITIONS DB=>MWB:Cooling Zone Relative Humidity [%],SOUTH PERIMETER:CHICAGO_IL_USA HEATING 99% CONDITIONS:Des Heat Load [W],SOUTH PERIMETER:CHICAGO_IL_USA COOLING 1% CONDITIONS DB=>MWB:Des Sens Cool Load [W],SOUTH PERIMETER:CHICAGO_IL_USA HEATING 99% CONDITIONS:Des Heat Mass Flow [kg/s],SOUTH PERIMETER:CHICAGO_IL_USA COOLING 1% CONDITIONS DB=>MWB:Des Cool Mass Flow [kg/s],SOUTH PERIMETER::Des Latent Heat Load [W],SOUTH PERIMETER::Des Latent Cool Load [W],SOUTH PERIMETER::Des Latent Heat Mass Flow [kg/s],SOUTH PERIMETER::Des Latent Cool Mass Flow [kg/s],SOUTH PERIMETER::Des Heat Load No DOAS [W],SOUTH PERIMETER::Des Sens Cool Load No DOAS [W],SOUTH PERIMETER::Des Latent Heat Load No DOAS [W],SOUTH PERIMETER::Des Latent Cool Load No DOAS [W],SOUTH PERIMETER:CHICAGO_IL_USA HEATING 99% CONDITIONS:Heating Zone Temperature [C],SOUTH PERIMETER:CHICAGO_IL_USA HEATING 99% CONDITIONS:Heating Zone Relative Humidity [%],SOUTH PERIMETER:CHICAGO_IL_USA COOLING 1% CONDITIONS DB=>MWB:Cooling Zone Temperature [C],SOUTH PERIMETER:CHICAGO_IL_USA COOLING 1% CONDITIONS DB=>MWB:Cooling Zone Relative Humidity [%],WEST PERIMETER:CHICAGO_IL_USA HEATING 99% CONDITIONS:Des Heat Load [W],WEST PERIMETER:CHICAGO_IL_USA COOLING 1% CONDITIONS DB=>MWB:Des Sens Cool Load [W],WEST PERIMETER:CHICAGO_IL_USA HEATING 99% CONDITIONS:Des Heat Mass Flow [kg/s],WEST PERIMETER:CHICAGO_IL_USA COOLING 1% CONDITIONS DB=>MWB:Des Cool Mass Flow [kg/s],WEST PERIMETER::Des Latent Heat Load [W],WEST PERIMETER::Des Latent Cool Load [W],WEST PERIMETER::Des Latent Heat Mass Flow [kg/s],WEST PERIMETER::Des Latent Cool Mass Flow [kg/s],WEST PERIMETER::Des Heat Load No DOAS [W],WEST PERIMETER::Des Sens Cool Load No DOAS [W],WEST PERIMETER::Des Latent Heat Load No DOAS [W],WEST PERIMETER::Des Latent Cool Load No DOAS [W],WEST PERIMETER:CHICAGO_IL_USA HEATING 99% CONDITIONS:Heating Zone Temperature [C],WEST PERIMETER:CHICAGO_IL_USA HEATING 99% CONDITIONS:Heating Zone Relative Humidity [%],WEST PERIMETER:CHICAGO_IL_USA COOLING 1% CONDITIONS DB=>MWB:Cooling Zone Temperature [C],WEST PERIMETER:CHICAGO_IL_USA COOLING 1% CONDITIONS DB=>MWB:Cooling Zone Relative Humidity [%]
01:00:00,2.148225E+03,0.000000E+00,1.504784E-01,0.000000E+00,0.000000E+00,0.000000E+00,0.000000E+00,0.000000E+00,0.000000E+00,0.000000E+00,0.000000E+00,0.000000E+00,2.600000E+01,3.679484E+00,2.600000E+01,6.657669E+01,4.174358E+03,0.000000E+00,2.924047E-01,0.000000E+00,0.000000E+00,0.000000E+00,0.000000E+00,0.000000E+00,0.000000E+00,0.000000E+00,0.000000E+00,0.000000E+00,2.600000E+01,1.000000E+02,2.600000E+01,1.000000E+02,4.541935E+03,0.000000E+00,3.181527E-01,0.000000E+00,0.000000E+00,0.000000E+00,0.000000E+00,0.000000E+00,0.000000E+00,0.000000E+00,0.000000E+00,0.000000E+00,2.600000E+01,3.679484E+00,2.600000E+01,6.657584E+01,2.148225E+03,0.000000E+00,1.504784E-01,0.000000E+00,0.000000E+00,0.000000E+00,0.000000E+00,0.000000E+00,0.000000E+00,0.000000E+00,0.000000E+00,0.000000E+00,2.600000E+01,3.679484E+00,2.600000E+01,6.657669E+01
02:00:00,2.148226E+03,0.000000E+00,1.504785E-01,0.000000E+00,0.000000E+00,0.000000E+00,0.000000E+00,0.000000E+00,0.000000E+00,0.000000E+00,0.000000E+00,0.000000E+00,2.600000E+01,3.679484E+00,2.600000E+01,6.657354E+01,4.174360E+03,0.000000E+00,2.924048E-01,0.000000E+00,0.000000E+00,0.000000E+00,0.000000E+00,0.000000E+00,0.000000E+00,0.000000E+00,0.000000E+00,0.000000E+00,2.600000E+01,1.000000E+02,2.600000E+01,1.000000E+02,4.541938E+03,0.000000E+00,3.181528E-01,0.000000E+00,0.000000E+00,0.000000E+00,0.000000E+00,0.000000E+00,0.000000E+00,0.000000E+00,0.000000E+00,0.000000E+00,2.600000E+01,3.679484E+00,2.600000E+01,6.657448E+01,2.148226E+03,0.000000E+00,1.504785E-01,0.000000E+00,0.000000E+00,0.000000E+00,0.000000E+00,0.000000E+00,0.000000E+00,0.000000E+00,0.000000E+00,0.000000E+00,2.600000E+01,3.679484E+00,2.600000E+01,6.657354E+01
03:00:00,2.148226E+03,0.000000E+00,1.504786E-01,0.000000E+00,0.000000E+00,0.000000E+00,0.000000E+00,0.000000E+00,0.000000E+00,0.000000E+00,0.000000E+00,0.000000E+00,2.600000E+01,3.679484E+00,2.600000E+01,6.656934E+01,4.174362E+03,0.000000E+00,2.924050E-01,0.000000E+00,0.000000E+00,0.000000E+00,0.000000E+00,0.000000E+00,0.000000E+00,0.000000E+00,0.000000E+00,0.000000E+00,2.600000E+01,1.000000E+02,2.600000E+01,1.000000E+02,4.541940E+03,0.000000E+00,3.181530E-01,0.000000E+00,0.000000E+00,0.000000E+00,0.000000E+00,0.000000E+00,0.000000E+00,0.000000E+00,0.000000E+00,0.000000E+00,2.600000E+01,3.679484E+00,2.600000E+01,6.657254E+01,2.148226E+03,0.000000E+00,1.504786E-01,0.000000E+00,0.000000E+00,0.000000E+00,0.000000E+00,0.000000E+00,0.000000E+00,0.000000E+00,0.000000E+00,0.000000E+00,2.600000E+01,3.679484E+00,2.600000E+01,6.656934E+01
04:00:00,2.148227E+03,0.000000E+00,1.504786E-01,0.000000E+00,0.000000E+00,0.000000E+00,0.000000E+00,0.000000E+00,0.000000E+00,0.000000E+00,0.000000E+00,0.000000E+00,2.600000E+01,3.679484E+00,2.600000E+01,6.656527E+01,4.174364E+03,0.000000E+00,2.924051E-01,0.000000E+00,0.000000E+00,0.000000E+00,0.000000E+00,0.000000E+00,0.000000E+00,0.000000E+00,0.000000E+00,0.000000E+00,2.600000E+01,1.000000E+02,2.600000E+01,1.000000E+02,4.541942E+03,0.000000E+00,3.181531E-01,0.000000E+00,0.000000E+00,0.000000E+00,0.000000E+00,0.000000E+00,0.000000E+00,0.000000E+00,0.000000E+00,0.000000E+00,2.600000E+01,3.679484E+00,2.600000E+01,6.657052E+01,2.148227E+03,0.000000E+00,1.504786E-01,0.000000E+00,0.000000E+00,0.000000E+00,0.000000E+00,0.000000E+00,0.000000E+00,0.000000E+00,0.000000E+00,0.000000E+00,2.600000E+01,3.679484E+00,2.600000E+01,6.656527E+01
05:00:00,2.148228E+03,0.000000E+00,1.504787E-01,0.000000E+00,0.000000E+00,0.000000E+00,0.000000E+00,0.000000E+00,0.000000E+00,0.000000E+00,0.000000E+00,0.000000E+00,2.600000E+01,3.679484E+00,2.600000E+01,6.656139E+01,4.174366E+03,0.000000E+00,2.924053E-01,0.000000E+00,0.000000E+00,0.000000E+00,0.000000E+00,0.000000E+00,0.000000E+00,0.000000E+00,0.000000E+00,0.000000E+00,2.600000E+01,1.000000E+02,2.600000E+01,1.000000E+02,4.541944E+03,0.000000E+00,3.181533E-01,0.000000E+00,0.000000E+00,0.000000E+00,0.000000E+00,0.000000E+00,0.000000E+00,0.000000E+00,0.000000E+00,0.000000E+00,2.600000E+01,3.679484E+00,2.600000E+01,6.656846E+01,2.148228E+03,0.000000E+00,1.504787E-01,0.000000E+00,0.000000E+00,0.000000E+00,0.000000E+00,0.000000E+00,0.000000E+00,0.000000E+00,0.000000E+00,0.000000E+00,2.600000E+01,3.679484E+00,2.600000E+01,6.656139E+01
06:00:00,2.148229E+03,0.000000E+00,1.504788E-01,0.000000E+00,0.000000E+00,0.000000E+00,0.000000E+00,0.000000E+00,0.000000E+00,0.000000E+00,0.000000E+00,0.000000E+00,2.600000E+01,3.679484E+00,2.600000E+01,6.655774E+01,4.174368E+03,0.000000E+00,2.924054E-01,0.000000E+00,0.000000E+00,0.000000E+00,0.000000E+00,0.000000E+00,0.000000E+00,0.000000E+00,0.000000E+00,0.000000E+00,2.600000E+01,1.000000E+02,2.600000E+01,1.000000E+02,4.541946E+03,0.000000E+00,3.181534E-01,0.000000E+00,0.000000E+00,0.000000E+00,0.000000E+00,0.000000E+00,0.000000E+00,0.000000E+00,0.000000E+00,0.000000E+00,2.600000E+01,3.679484E+00,2.600000E+01,6.656640E+01,2.148229E+03,0.000000E+00,1.504788E-01,0.000000E+00,0.000000E+00,0.000000E+00,0.000000E+00,0.000000E+00,0.000000E+00,0.000000E+00,0.000000E+00,0.000000E+00,2.600000E+01,3.679484E+00,2.600000E+01,6.655774E+01
07:00:00,2.148230E+03,0.000000E+00,1.504788E-01,0.000000E+00,0.000000E+00,0.000000E+00,0.000000E+00,0.000000E+00,0.000000E+00,0.000000E+00,0.000000E+00,0.000000E+00,2.600000E+01,3.679484E+00,2.600000E+01,6.655460E+01,4.174370E+03,0.000000E+00,2.924055E-01,0.000000E+00,0.000000E+00,0.000000E+00,0.000000E+00,0.000000E+00,0.000000E+00,0.000000E+00,0.000000E+00,0.000000E+00,2.600000E+01,1.000000E+02,2.600000E+01,1.000000E+02,4.541948E+03,0.000000E+00,3.181535E-01,0.000000E+00,0.000000E+00,0.000000E+00,0.000000E+00,0.000000E+00,0.000000E+00,0.000000E+00,0.000000E+00,0.000000E+00,2.600000E+01,3.679484E+00,2.600000E+01,6.656447E+01,2.148230E+03,0.000000E+00,1.504788E-01,0.000000E+00,0.000000E+00,0.000000E+00,0.000000E+00,0.000000E+00,0.000000E+00,0.000000E+00,0.000000E+00,0.000000E+00,2.600000E+01,3.679484E+00,2.600000E+01,6.655460E+01
08:00:00,2.148231E+03,0.000000E+00,1.504789E-01,0.000000E+00,0.000000E+00,0.000000E+00,0.000000E+00,0.000000E+00,0.000000E+00,0.000000E+00,0.000000E+00,0.000000E+00,2.600000E+01,3.679484E+00,2.600000E+01,6.655239E+01,4.174372E+03,0.000000E+00,2.924056E-01,0.000000E+00,0.000000E+00,0.000000E+00,0.000000E+00,0.000000E+00,0.000000E+00,0.000000E+00,0.000000E+00,0.000000E+00,2.600000E+01,1.000000E+02,2.600000E+01,1.000000E+02,4.541950E+03,0.000000E+00,3.181536E-01,0.000000E+00,0.000000E+00,0.000000E+00,0.000000E+00,0.000000E+00,0.000000E+00,0.000000E+00,0.000000E+00,0.000000E+00,2.600000E+01,3.679484E+00,2.600000E+01,6.656289E+01,2.148231E+03,0.000000E+00,1.504789E-01,0.000000E+00,0.000000E+00,0.000000E+00,0.000000E+00,0.000000E+00,0.000000E+00,0.000000E+00,0.000000E+00,0.000000E+00,2.600000E+01,3.679484E+00,2.600000E+01,6.655239E+01
09:00:00,2.148231E+03,0.000000E+00,1.504789E-01,0.000000E+00,0.000000E+00,0.000000E+00,0.000000E+00,0.000000E+00,0.000000E+00,0.000000E+00,0.000000E+00,0.000000E+00,2.600000E+01,3.679484E+00,2.600000E+01,6.655189E+01,4.174373E+03,0.000000E+00,2.924057E-01,0.000000E+00,0.000000E+00,0.000000E+00,0.000000E+00,0.000000E+00,0.000000E+00,0.000000E+00,0.000000E+00,0.000000E+00,2.600000E+01,1.000000E+02,2.600000E+01,1.000000E+02,4.541951E+03,0.000000E+00,3.181538E-01,0.000000E+00,0.000000E+00,0.000000E+00,0.000000E+00,0.000000E+00,0.000000E+00,0.000000E+00,0.000000E+00,0.000000E+00,2.600000E+01,3.679484E+00,2.600000E+01,6.656203E+01,2.148231E+03,0.000000E+00,1.504789E-01,0.000000E+00,0.000000E+00,0.000000E+00,0.000000E+00,0.000000E+00,0.000000E+00,0.000000E+00,0.000000E+00,0.000000E+00,2.600000E+01,3.679484E+00,2.600000E+01,6.655189E+01
10:00:00,2.148232E+03,0.000000E+00,1.504790E-01,0.000000E+00,0.000000E+00,0.000000E+00,0.000000E+00,0.000000E+00,0.000000E+00,0.000000E+00,0.000000E+00,0.000000E+00,2.600000E+01,3.679484E+00,2.600000E+01,6.655346E+01,4.174375E+03,0.000000E+00,2.924058E-01,0.000000E+00,0.000000E+00,0.000000E+00,0.000000E+00,0.000000E+00,0.000000E+00,0.000000E+00,0.000000E+00,0.000000E+00,2.600000E+01,1.000000E+02,2.600000E+01,1.000000E+02,4.541953E+03,0.000000E+00,3.181539E-01,0.000000E+00,0.000000E+00,0.000000E+00,0.000000E+00,0.000000E+00,0.000000E+00,0.000000E+00,0.000000E+00,0.000000E+00,2.600000E+01,3.679484E+00,2.600000E+01,6.656214E+01,2.148232E+03,0.000000E+00,1.504790E-01,0.000000E+00,0.000000E+00,0.000000E+00,0.000000E+00,0.000000E+00,0.000000E+00,0.000000E+00,0.000000E+00,0.000000E+00,2.600000E+01,3.679484E+00,2.600000E+01,6.655347E+01
11:00:00,2.148233E+03,0.000000E+00,1.504790E-01,0.000000E+00,0.000000E+00,0.000000E+00,0.000000E+00,0.000000E+00,0.000000E+00,0.000000E+00,0.000000E+00,0.000000E+00,2.600000E+01,3.679484E+00,2.600000E+01,6.655694E+01,4.174376E+03,0.000000E+00,2.924059E-01,0.000000E+00,0.000000E+00,0.000000E+00,0.000000E+00,0.000000E+00,0.000000E+00,0.000000E+00,0.000000E+00,0.000000E+00,2.600000E+01,1.000000E+02,2.600000E+01,1.000000E+02,4.541954E+03,0.000000E+00,3.181540E-01,0.000000E+00,0.000000E+00,0.000000E+00,0.000000E+00,0.000000E+00,0.000000E+00,0.000000E+00,0.000000E+00,0.000000E+00,2.600000E+01,3.679484E+00,2.600000E+01,6.656318E+01,2.148233E+03,0.000000E+00,1.504790E-01,0.000000E+00,0.000000E+00,0.000000E+00,0.000000E+00,0.000000E+00,0.000000E+00,0.000000E+00,0.000000E+00,0.000000E+00,2.600000E+01,3.679484E+00,2.600000E+01,6.655694E+01
12:00:00,2.148233E+03,0.000000E+00,1.504790E-01,0.000000E+00,0.000000E+00,0.000000E+00,0.000000E+00,0.000000E+00,0.000000E+00,0.000000E+00,0.000000E+00,0.000000E+00,2.600000E+01,3.679484E+00,2.600000E+01,6.656329E+01,4.174377E+03,0.000000E+00,2.924060E-01,0.000000E+00,0.000000E+00,0.000000E+00,0.000000E+00,0.000000E+00,0.000000E+00,0.000000E+00,0.000000E+00,0.000000E+00,2.600000E+01,1.000000E+02,2.626217E+01,9.928582E+01,4.541955E+03,0.000000E+00,3.181541E-01,0.000000E+00,0.000000E+00,0.000000E+00,0.000000E+00,0.000000E+00,0.000000E+00,0.000000E+00,0.000000E+00,0.000000E+00,2.600000E+01,3.679484E+00,2.600000E+01,6.656558E+01,2.148233E+03,0.000000E+00,1.504790E-01,0.000000E+00,0.000000E+00,0.000000E+00,0.000000E+00,0.000000E+00,0.000000E+00,0.000000E+00,0.000000E+00,0.000000E+00,2.600000E+01,3.679484E+00,2.600000E+01,6.656329E+01
13:00:00,2.148234E+03,0.000000E+00,1.504791E-01,0.000000E+00,0.000000E+00,0.000000E+00,0.000000E+00,0.000000E+00,0.000000E+00,0.000000E+00,0.000000E+00,0.000000E+00,2.600000E+01,3.679484E+00,2.600000E+01,6.656818E+01,4.174379E+03,0.000000E+00,2.924061E-01,0.000000E+00,0.000000E+00,0.000000E+00,0.000000E+00,0.000000E+00,0.000000E+00,0.000000E+00,0.000000E+00,0.000000E+00,2.600000E+01,1.000000E+02,2.714981E+01,9.789452E+01,4.541957E+03,0.000000E+00,3.181542E-01,0.000000E+00,0.000000E+00,0.000000E+00,0.000000E+00,0.000000E+00,0.000000E+00,0.000000E+00,0.000000E+00,0.000000E+00,2.600000E+01,3.679484E+00,2.600000E+01,6.656764E+01,2.148234E+03,0.000000E+00,1.504791E-01,0.000000E+00,0.000000E+00,0.000000E+00,0.000000E+00,0.000000E+00,0.000000E+00,0.000000E+00,0.000000E+00,0.000000E+00,2.600000E+01,3.679484E+00,2.600000E+01,6.656818E+01
14:00:00,2.148234E+03,0.000000E+00,1.504791E-01,0.000000E+00,0.000000E+00,0.000000E+00,0.000000E+00,0.000000E+00,0.000000E+00,0.000000E+00,0.000000E+00,0.000000E+00,2.600000E+01,3.679484E+00,2.600000E+01,6.657383E+01,4.174380E+03,0.000000E+00,2.924062E-01,0.000000E+00,0.000000E+00,0.000000E+00,0.000000E+00,0.000000E+00,0.000000E+00,0.000000E+00,0.000000E+00,0.000000E+00,2.600000E+01,1.000000E+02,2.789478E+01,9.859309E+01,4.541958E+03,0.000000E+00,3.181542E-01,0.000000E+00,0.000000E+00,0.000000E+00,0.000000E+00,0.000000E+00,0.000000E+00,0.000000E+00,0.000000E+00,0.000000E+00,2.600000E+01,3.679484E+00,2.600000E+01,6.657020E+01,2.148234E+03,0.000000E+00,1.504791E-01,0.000000E+00,0.000000E+00,0.000000E+00,0.000000E+00,0.000000E+00,0.000000E+00,0.000000E+00,0.000000E+00,0.000000E+00,2.600000E+01,3.679484E+00,2.600000E+01,6.657383E+01
15:00:00,2.148235E+03,0.000000E+00,1.504791E-01,0.000000E+00,0.000000E+00,0.000000E+00,0.000000E+00,0.000000E+00,0.000000E+00,0.000000E+00,0.000000E+00,0.000000E+00,2.600000E+01,3.679484E+00,2.600000E+01,6.657996E+01,4.174381E+03,0.000000E+00,2.924063E-01,0.000000E+00,0.000000E+00,0.000000E+00,0.000000E+00,0.000000E+00,0.000000E+00,0.000000E+00,0.000000E+00,0.000000E+00,2.600000E+01,1.000000E+02,2.843990E+01,9.968017E+01,4.541959E+03,0.000000E+00,3.181543E-01,0.000000E+00,0.000000E+00,0.000000E+00,0.000000E+00,0.000000E+00,0.000000E+00,0.000000E+00,0.000000E+00,0.000000E+00,2.600000E+01,3.679484E+00,2.600000E+01,6.657316E+01,2.148235E+03,0.000000E+00,1.504791E-01,0.000000E+00,0.000000E+00,0.000000E+00,0.000000E+00,0.000000E+00,0.000000E+00,0.000000E+00,0.000000E+00,0.000000E+00,2.600000E+01,3.679484E+00,2.600000E+01,6.657996E+01
16:00:00,2.148235E+03,0.000000E+00,1.504792E-01,0.000000E+00,0.000000E+00,0.000000E+00,0.000000E+00,0.000000E+00,0.000000E+00,0.000000E+00,0.000000E+00,0.000000E+00,2.600000E+01,3.679484E+00,2.600000E+01,6.658523E+01,4.174382E+03,0.000000E+00,2.924064E-01,0.000000E+00,0.000000E+00,0.000000E+00,0.000000E+00,0.000000E+00,0.000000E+00,0.000000E+00,0.000000E+00,0.000000E+00,2.600000E+01,1.000000E+02,2.868767E+01,9.997137E+01,4.541960E+03,0.000000E+00,3.181544E-01,0.000000E+00,0.000000E+00,0.000000E+00,0.000000E+00,0.000000E+00,0.000000E+00,0.000000E+00,0.000000E+00,0.000000E+00,2.600000E+01,3.679484E+00,2.600000E+01,6.657592E+01,2.148235E+03,0.000000E+00,1.504792E-01,0.000000E+00,0.000000E+00,0.000000E+00,0.000000E+00,0.000000E+00,0.000000E+00,0.000000E+00,0.000000E+00,0.000000E+00,2.600000E+01,3.679484E+00,2.600000E+01,6.658523E+01
17:00:00,2.148236E+03,0.000000E+00,1.504792E-01,0.000000E+00,0.000000E+00,0.000000E+00,0.000000E+00,0.000000E+00,0.000000E+00,0.000000E+00,0.000000E+00,0.000000E+00,2.600000E+01,3.679484E+00,2.600000E+01,6.658919E+01,4.174383E+03,0.000000E+00,2.924064E-01,0.000000E+00,0.000000E+00,0.000000E+00,0.000000E+00,0.000000E+00,0.000000E+00,0.000000E+00,0.000000E+00,0.000000E+00,2.600000E+01,1.000000E+02,2.855765E+01,1.000000E+02,4.541961E+03,0.000000E+00,3.181545E-01,0.000000E+00,0.000000E+00,0.000000E+00,0.000000E+00,0.000000E+00,0.000000E+00,0.000000E+00,0.000000E+00,0.000000E+00,2.600000E+01,3.679484E+00,2.600000E+01,6.657824E+01,2.148236E+03,0.000000E+00,1.504792E-01,0.000000E+00,0.000000E+00,0.000000E+00,0.000000E+00,0.000000E+00,0.000000E+00,0.000000E+00,0.000000E+00,0.000000E+00,2.600000E+01,3.679484E+00,2.642058E+01,6.495528E+01
18:00:00,2.148236E+03,0.000000E+00,1.504792E-01,0.000000E+00,0.000000E+00,0.000000E+00,0.000000E+00,0.000000E+00,0.000000E+00,0.000000E+00,0.000000E+00,0.000000E+00,2.600000E+01,3.679484E+00,2.600000E+01,6.659128E+01,4.174384E+03,0.000000E+00,2.924065E-01,0.000000E+00,0.000000E+00,0.000000E+00,0.000000E+00,0.000000E+00,0.000000E+00,0.000000E+00,0.000000E+00,0.000000E+00,2.600000E+01,1.000000E+02,2.726550E+01,1.000000E+02,4.541962E+03,0.000000E+00,3.181545E-01,0.000000E+00,0.000000E+00,0.000000E+00,0.000000E+00,0.000000E+00,0.000000E+00,0.000000E+00,0.000000E+00,0.000000E+00,2.600000E+01,3.679484E+00,2.600000E+01,6.657971E+01,2.148236E+03,0.000000E+00,1.504792E-01,0.000000E+00,0.000000E+00,0.000000E+00,0.000000E+00,0.000000E+00,0.000000E+00,0.000000E+00,0.000000E+00,0.000000E+00,2.600000E+01,3.679484E+00,2.615247E+01,6.599362E+01
19:00:00,2.148236E+03,0.000000E+00,1.504793E-01,0.000000E+00,0.000000E+00,0.000000E+00,0.000000E+00,0.000000E+00,0.000000E+00,0.000000E+00,0.000000E+00,0.000000E+00,2.600000E+01,3.679484E+00,2.600000E+01,6.659149E+01,4.174385E+03,0.000000E+00,2.924066E-01,0.000000E+00,0.000000E+00,0.000000E+00,0.000000E+00,0.000000E+00,0.000000E+00,0.000000E+00,0.000000E+00,0.000000E+00,2.600000E+01,1.000000E+02,2.623555E+01,9.904475E+01,4.541963E+03,0.000000E+00,3.181546E-01,0.000000E+00,0.000000E+00,0.000000E+00,0.000000E+00,0.000000E+00,0.000000E+00,0.000000E+00,0.000000E+00,0.000000E+00,2.600000E+01,3.679484E+00,2.600000E+01,6.658018E+01,2.148236E+03,0.000000E+00,1.504793E-01,0.000000E+00,0.000000E+00,0.000000E+00,0.000000E+00,0.000000E+00,0.000000E+00,0.000000E+00,0.000000E+00,0.000000E+00,2.600000E+01,3.679484E+00,2.600475E+01,6.657280E+01
20:00:00,2.148237E+03,0.000000E+00,1.504793E-01,0.000000E+00,0.000000E+00,0.000000E+00,0.000000E+00,0.000000E+00,0.000000E+00,0.000000E+00,0.000000E+00,0.000000E+00,2.600000E+01,3.679484E+00,2.600000E+01,6.659112E+01,4.174386E+03,0.000000E+00,2.924066E-01,0.000000E+00,0.000000E+00,0.000000E+00,0.000000E+00,0.000000E+00,0.000000E+00,0.000000E+00,0.000000E+00,0.000000E+00,2.600000E+01,1.000000E+02,2.600000E+01,9.906727E+01,4.541964E+03,0.000000E+00,3.181547E-01,0.000000E+00,0.000000E+00,0.000000E+00,0.000000E+00,0.000000E+00,0.000000E+00,0.000000E+00,0.000000E+00,0.000000E+00,2.600000E+01,3.679484E+00,2.600000E+01,6.658030E+01,2.148237E+03,0.000000E+00,1.504793E-01,0.000000E+00,0.000000E+00,0.000000E+00,0.000000E+00,0.000000E+00,0.000000E+00,0.000000E+00,0.000000E+00,0.000000E+00,2.600000E+01,3.679484E+00,2.600000E+01,6.659112E+01
21:00:00,2.148237E+03,0.000000E+00,1.504793E-01,0.000000E+00,0.000000E+00,0.000000E+00,0.000000E+00,0.000000E+00,0.000000E+00,0.000000E+00,0.000000E+00,0.000000E+00,2.600000E+01,3.679484E+00,2.600000E+01,6.658964E+01,4.174387E+03,0.000000E+00,2.924067E-01,0.000000E+00,0.000000E+00,0.000000E+00,0.000000E+00,0.000000E+00,0.000000E+00,0.000000E+00,0.000000E+00,0.000000E+00,2.600000E+01,1.000000E+02,2.600000E+01,9.978805E+01,4.541965E+03,0.000000E+00,3.181547E-01,0.000000E+00,0.000000E+00,0.000000E+00,0.000000E+00,0.000000E+00,0.000000E+00,0.000000E+00,0.000000E+00,0.000000E+00,2.600000E+01,3.679484E+00,2.600000E+01,6.658016E+01,2.148237E+03,0.000000E+00,1.504793E-01,0.000000E+00,0.000000E+00,0.000000E+00,0.000000E+00,0.000000E+00,0.000000E+00,0.000000E+00,0.000000E+00,0.000000E+00,2.600000E+01,3.679484E+00,2.600000E+01,6.658964E+01
22:00:00,2.148238E+03,0.000000E+00,1.504793E-01,0.000000E+00,0.000000E+00,0.000000E+00,0.000000E+00,0.000000E+00,0.000000E+00,0.000000E+00,0.000000E+00,0.000000E+00,2.600000E+01,3.679484E+00,2.600000E+01,6.658709E+01,4.174387E+03,0.000000E+00,2.924067E-01,0.000000E+00,0.000000E+00,0.000000E+00,0.000000E+00,0.000000E+00,0.000000E+00,0.000000E+00,0.000000E+00,0.000000E+00,2.600000E+01,1.000000E+02,2.600000E+01,1.000000E+02,4.541966E+03,0.000000E+00,3.181548E-01,0.000000E+00,0.000000E+00,0.000000E+00,0.000000E+00,0.000000E+00,0.000000E+00,0.000000E+00,0.000000E+00,0.000000E+00,2.600000E+01,3.679484E+00,2.600000E+01,6.657958E+01,2.148238E+03,0.000000E+00,1.504793E-01,0.000000E+00,0.000000E+00,0.000000E+00,0.000000E+00,0.000000E+00,0.000000E+00,0.000000E+00,0.000000E+00,0.000000E+00,2.600000E+01,3.679484E+00,2.600000E+01,6.658709E+01
23:00:00,2.148238E+03,0.000000E+00,1.504794E-01,0.000000E+00,0.000000E+00,0.000000E+00,0.000000E+00,0.000000E+00,0.000000E+00,0.000000E+00,0.000000E+00,0.000000E+00,2.600000E+01,3.679484E+00,2.600000E+01,6.658385E+01,4.174388E+03,0.000000E+00,2.924068E-01,0.000000E+00,0.000000E+00,0.000000E+00,0.000000E+00,0.000000E+00,0.000000E+00,0.000000E+00,0.000000E+00,0.000000E+00,2.600000E+01,1.000000E+02,2.600000E+01,1.000000E+02,4.541966E+03,0.000000E+00,3.181548E-01,0.000000E+00,0.000000E+00,0.000000E+00,0.000000E+00,0.000000E+00,0.000000E+00,0.000000E+00,0.000000E+00,0.000000E+00,2.600000E+01,3.679484E+00,2.600000E+01,6.657858E+01,2.148238E+03,0.000000E+00,1.504794E-01,0.000000E+00,0.000000E+00,0.000000E+00,0.000000E+00,0.000000E+00,0.000000E+00,0.000000E+00,0.000000E+00,0.000000E+00,2.600000E+01,3.679484E+00,2.600000E+01,6.658385E+01
24:00:00,2.148238E+03,0.000000E+00,1.504794E-01,0.000000E+00,0.000000E+00,0.000000E+00,0.000000E+00,0.000000E+00,0.000000E+00,0.000000E+00,0.000000E+00,0.000000E+00,2.600000E+01,3.679484E+00,2.600000E+01,6.658015E+01,4.174389E+03,0.000000E+00,2.924068E-01,0.000000E+00,0.000000E+00,0.000000E+00,0.000000E+00,0.000000E+00,0.000000E+00,0.000000E+00,0.000000E+00,0.000000E+00,2.600000E+01,1.000000E+02,2.600000E+01,1.000000E+02,4.541967E+03,0.000000E+00,3.181549E-01,0.000000E+00,0.000000E+00,0.000000E+00,0.000000E+00,0.000000E+00,0.000000E+00,0.000000E+00,0.000000E+00,0.000000E+00,2.600000E+01,3.679484E+00,2.600000E+01,6.657723E+01,2.148238E+03,0.000000E+00,1.504794E-01,0.000000E+00,0.000000E+00,0.000000E+00,0.000000E+00,0.000000E+00,0.000000E+00,0.000000E+00,0.000000E+00,0.000000E+00,2.600000E+01,3.679484E+00,2.600000E+01,6.658015E+01
Peak,2.148238E+03,0.000000E+00,1.504794E-01,0.000000E+00,0.000000E+00,0.000000E+00,0.000000E+00,0.000000E+00,0.000000E+00,0.000000E+00,0.000000E+00,0.000000E+00,,,,,4.174389E+03,0.000000E+00,2.924068E-01,0.000000E+00,0.000000E+00,0.000000E+00,0.000000E+00,0.000000E+00,0.000000E+00,0.000000E+00,0.000000E+00,0.000000E+00,,,,,4.541967E+03,0.000000E+00,3.181549E-01,0.000000E+00,0.000000E+00,0.000000E+00,0.000000E+00,0.000000E+00,0.000000E+00,0.000000E+00,0.000000E+00,0.000000E+00,,,,,2.148238E+03,0.000000E+00,1.504794E-01,0.000000E+00,0.000000E+00,0.000000E+00,0.000000E+00,0.000000E+00,0.000000E+00,0.000000E+00,0.000000E+00,0.000000E+00,,,,

Peak Vol Flow (m3/s),,,1.254260E-01,0.000000E+00,,,0.000000E+00,0.000000E+00,,,,,,,,,,,2.437238E-01,0.000000E+00,,,0.000000E+00,0.000000E+00,,,,,,,,,,,2.651851E-01,0.000000E+00,,,0.000000E+00,0.000000E+00,,,,,,,,,,,1.254260E-01,0.000000E+00,,,0.000000E+00,0.000000E+00,,,,,,,,
